order_id,customer_id,product_id,quantity,order_date
1,44,12,2,2023-01-03
2,177,7,1,2023-01-04
3,89,25,3,2023-01-05
4,12,3,1,2023-01-06
5,156,18,2,2023-01-07
6,63,41,4,2023-01-08
7,198,9,1,2023-01-09
8,27,14,2,2023-01-10
9,111,33,1,2023-01-11
10,5,2,3,2023-01-12
11,140,47,2,2023-01-13
12,76,6,1,2023-01-14
13,33,21,4,2023-01-15
14,189,10,2,2023-01-16
15,58,29,3,2023-01-17
16,102,1,1,2023-01-18
17,7,19,2,2023-01-19
18,164,32,1,2023-01-20
19,49,8,2,2023-01-21
20,121,5,3,2023-01-22
21,86,16,1,2023-01-23
22,13,44,2,2023-01-24
23,170,27,1,2023-01-25
24,91,4,2,2023-01-26
25,38,23,3,2023-01-27
26,199,11,1,2023-01-28
27,54,36,2,2023-01-29
28,10,15,1,2023-01-30
29,143,48,2,2023-01-31
30,72,20,3,2023-02-01
31,185,13,1,2023-02-02
32,29,31,2,2023-02-03
33,118,22,1,2023-02-04
34,3,49,4,2023-02-05
35,167,17,2,2023-02-06
36,94,46,1,2023-02-07
37,51,28,3,2023-02-08
38,160,34,2,2023-02-09
39,24,7,1,2023-02-10
40,132,40,2,2023-02-11
41,68,5,3,2023-02-12
42,191,14,1,2023-02-13
43,36,26,2,2023-02-14
44,149,9,1,2023-02-15
45,81,37,2,2023-02-16
46,178,3,1,2023-02-17
47,22,45,3,2023-02-18
48,108,6,1,2023-02-19
49,59,18,2,2023-02-20
50,200,12,1,2023-02-21
51,15,24,2,2023-02-22
52,146,32,1,2023-02-23
53,84,2,3,2023-02-24
54,172,30,2,2023-02-25
55,41,11,1,2023-02-26
56,120,43,2,2023-02-27
57,9,19,3,2023-02-28
58,158,28,1,2023-03-01
59,47,7,2,2023-03-02
60,193,35,1,2023-03-03
61,30,1,3,2023-03-04
62,162,10,2,2023-03-05
63,6,22,1,2023-03-06
64,138,48,2,2023-03-07
65,53,4,1,2023-03-08
66,176,16,2,2023-03-09
67,25,31,3,2023-03-10
68,115,13,1,2023-03-11
69,2,46,2,2023-03-12
70,154,29,1,2023-03-13
71,57,8,2,2023-03-14
72,188,41,1,2023-03-15
73,19,23,3,2023-03-16
74,129,6,1,2023-03-17
75,96,33,2,2023-03-18
76,181,15,1,2023-03-19
77,40,47,2,2023-03-20
78,152,5,3,2023-03-21
79,11,20,1,2023-03-22
80,169,12,2,2023-03-23
81,66,27,1,2023-03-24
82,197,9,2,2023-03-25
83,32,38,1,2023-03-26
84,144,14,2,2023-03-27
85,4,25,3,2023-03-28
86,173,3,1,2023-03-29
87,55,44,2,2023-03-30
88,150,18,1,2023-03-31
89,78,7,2,2023-04-01
90,196,36,1,2023-04-02
91,17,11,3,2023-04-03
92,131,32,2,2023-04-04
93,8,2,1,2023-04-05
94,159,30,2,2023-04-06
95,45,24,1,2023-04-07
96,190,43,2,2023-04-08
97,28,19,3,2023-04-09
98,142,28,1,2023-04-10
99,20,7,2,2023-04-11
100,186,35,1,2023-04-12
101,34,10,2,2023-04-13
102,174,22,1,2023-04-14
103,62,31,3,2023-04-15
104,137,4,1,2023-04-16
105,21,47,2,2023-04-17
106,183,6,1,2023-04-18
107,48,19,3,2023-04-19
108,155,28,1,2023-04-20
109,90,7,2,2023-04-21
110,14,35,1,2023-04-22
111,128,11,3,2023-04-23
112,71,32,2,2023-04-24
113,194,2,1,2023-04-25
114,39,30,2,2023-04-26
115,166,24,1,2023-04-27
116,103,43,2,2023-04-28
117,52,18,3,2023-04-29
118,182,28,1,2023-04-30
119,26,7,2,2023-05-01
120,147,36,1,2023-05-02
121,85,11,3,2023-05-03
122,192,32,2,2023-05-04
123,50,2,1,2023-05-05
124,161,30,2,2023-05-06
125,18,24,1,2023-05-07
126,139,43,2,2023-05-08
127,64,19,3,2023-05-09
128,175,28,1,2023-05-10
129,31,7,2,2023-05-11
130,157,36,1,2023-05-12
131,73,11,3,2023-05-13
132,195,32,2,2023-05-14
133,42,2,1,2023-05-15
134,168,30,2,2023-05-16
135,23,24,1,2023-05-17
136,110,43,2,2023-05-18
137,67,19,3,2023-05-19
138,184,28,1,2023-05-20
139,35,7,2,2023-05-21
140,153,36,1,2023-05-22
141,80,11,3,2023-05-23
142,200,32,2,2023-05-24
143,46,2,1,2023-05-25
144,171,30,2,2023-05-26
145,16,24,1,2023-05-27
146,140,43,2,2023-05-28
147,61,19,3,2023-05-29
148,179,28,1,2023-05-30
149,28,7,2,2023-05-31
150,152,36,1,2023-06-01
151,83,11,3,2023-06-02
152,198,32,2,2023-06-03
153,43,2,1,2023-06-04
154,165,30,2,2023-06-05
155,11,24,1,2023-06-06
156,136,43,2,2023-06-07
157,56,19,3,2023-06-08
158,187,28,1,2023-06-09
159,37,7,2,2023-06-10
160,151,36,1,2023-06-11
161,79,11,3,2023-06-12
162,197,32,2,2023-06-13
163,40,2,1,2023-06-14
164,163,30,2,2023-06-15
165,20,24,1,2023-06-16
166,135,43,2,2023-06-17
167,60,19,3,2023-06-18
168,186,28,1,2023-06-19
169,33,7,2,2023-06-20
170,150,36,1,2023-06-21
171,74,11,3,2023-06-22
172,193,32,2,2023-06-23
173,41,2,1,2023-06-24
174,160,30,2,2023-06-25
175,19,24,1,2023-06-26
176,134,43,2,2023-06-27
177,58,19,3,2023-06-28
178,185,28,1,2023-06-29
179,36,7,2,2023-06-30
180,149,36,1,2023-07-01
181,82,11,3,2023-07-02
182,196,32,2,2023-07-03
183,45,2,1,2023-07-04
184,159,30,2,2023-07-05
185,12,24,1,2023-07-06
186,133,43,2,2023-07-07
187,63,19,3,2023-07-08
188,184,28,1,2023-07-09
189,30,7,2,2023-07-10
190,148,36,1,2023-07-11
191,77,11,3,2023-07-12
192,199,32,2,2023-07-13
193,47,2,1,2023-07-14
194,158,30,2,2023-07-15
195,14,24,1,2023-07-16
196,132,43,2,2023-07-17
197,52,19,3,2023-07-18
198,183,28,1,2023-07-19
199,29,7,2,2023-07-20
200,147,36,1,2023-07-21
201,88,10,2,2023-07-22
202,176,22,1,2023-07-23
203,54,31,3,2023-07-24
204,129,4,1,2023-07-25
205,7,47,2,2023-07-26
206,158,6,1,2023-07-27
207,36,19,3,2023-07-28
208,193,28,1,2023-07-29
209,65,7,2,2023-07-30
210,182,35,1,2023-07-31
211,49,11,3,2023-08-01
212,170,32,2,2023-08-02
213,23,2,1,2023-08-03
214,151,30,2,2023-08-04
215,11,24,1,2023-08-05
216,137,43,2,2023-08-06
217,59,18,3,2023-08-07
218,186,28,1,2023-08-08
219,32,7,2,2023-08-09
220,148,36,1,2023-08-10
221,74,11,3,2023-08-11
222,199,32,2,2023-08-12
223,42,2,1,2023-08-13
224,164,30,2,2023-08-14
225,17,24,1,2023-08-15
226,133,43,2,2023-08-16
227,63,19,3,2023-08-17
228,181,28,1,2023-08-18
229,30,7,2,2023-08-19
230,152,36,1,2023-08-20
231,83,11,3,2023-08-21
232,198,32,2,2023-08-22
233,45,2,1,2023-08-23
234,160,30,2,2023-08-24
235,12,24,1,2023-08-25
236,140,43,2,2023-08-26
237,56,19,3,2023-08-27
238,187,28,1,2023-08-28
239,37,7,2,2023-08-29
240,149,36,1,2023-08-30
241,82,11,3,2023-08-31
242,195,32,2,2023-09-01
243,41,2,1,2023-09-02
244,168,30,2,2023-09-03
245,20,24,1,2023-09-04
246,135,43,2,2023-09-05
247,60,19,3,2023-09-06
248,184,28,1,2023-09-07
249,33,7,2,2023-09-08
250,150,36,1,2023-09-09
251,79,11,3,2023-09-10
252,197,32,2,2023-09-11
253,40,2,1,2023-09-12
254,163,30,2,2023-09-13
255,19,24,1,2023-09-14
256,134,43,2,2023-09-15
257,58,19,3,2023-09-16
258,185,28,1,2023-09-17
259,36,7,2,2023-09-18
260,147,36,1,2023-09-19
261,88,11,3,2023-09-20
262,196,32,2,2023-09-21
263,47,2,1,2023-09-22
264,159,30,2,2023-09-23
265,14,24,1,2023-09-24
266,132,43,2,2023-09-25
267,52,19,3,2023-09-26
268,183,28,1,2023-09-27
269,29,7,2,2023-09-28
270,148,36,1,2023-09-29
271,77,11,3,2023-09-30
272,199,32,2,2023-10-01
273,43,2,1,2023-10-02
274,165,30,2,2023-10-03
275,11,24,1,2023-10-04
276,136,43,2,2023-10-05
277,56,19,3,2023-10-06
278,187,28,1,2023-10-07
279,37,7,2,2023-10-08
280,151,36,1,2023-10-09
281,74,11,3,2023-10-10
282,193,32,2,2023-10-11
283,41,2,1,2023-10-12
284,160,30,2,2023-10-13
285,19,24,1,2023-10-14
286,134,43,2,2023-10-15
287,58,19,3,2023-10-16
288,185,28,1,2023-10-17
289,36,7,2,2023-10-18
290,149,36,1,2023-10-19
291,82,11,3,2023-10-20
292,196,32,2,2023-10-21
293,45,2,1,2023-10-22
294,159,30,2,2023-10-23
295,12,24,1,2023-10-24
296,133,43,2,2023-10-25
297,63,19,3,2023-10-26
298,184,28,1,2023-10-27
299,30,7,2,2023-10-28
300,152,36,1,2023-10-29
301,88,10,2,2023-10-30
302,176,22,1,2023-10-31
303,54,31,3,2023-11-01
304,129,4,1,2023-11-02
305,7,47,2,2023-11-03
306,158,6,1,2023-11-04
307,36,19,3,2023-11-05
308,193,28,1,2023-11-06
309,65,7,2,2023-11-07
310,182,35,1,2023-11-08
311,49,11,3,2023-11-09
312,170,32,2,2023-11-10
313,23,2,1,2023-11-11
314,151,30,2,2023-11-12
315,11,24,1,2023-11-13
316,137,43,2,2023-11-14
317,59,18,3,2023-11-15
318,186,28,1,2023-11-16
319,32,7,2,2023-11-17
320,148,36,1,2023-11-18
321,74,11,3,2023-11-19
322,199,32,2,2023-11-20
323,42,2,1,2023-11-21
324,164,30,2,2023-11-22
325,17,24,1,2023-11-23
326,133,43,2,2023-11-24
327,63,19,3,2023-11-25
328,181,28,1,2023-11-26
329,30,7,2,2023-11-27
330,152,36,1,2023-11-28
331,83,11,3,2023-11-29
332,198,32,2,2023-11-30
333,45,2,1,2023-12-01
334,160,30,2,2023-12-02
335,12,24,1,2023-12-03
336,140,43,2,2023-12-04
337,56,19,3,2023-12-05
338,187,28,1,2023-12-06
339,37,7,2,2023-12-07
340,149,36,1,2023-12-08
341,82,11,3,2023-12-09
342,195,32,2,2023-12-10
343,41,2,1,2023-12-11
344,168,30,2,2023-12-12
345,20,24,1,2023-12-13
346,135,43,2,2023-12-14
347,60,19,3,2023-12-15
348,184,28,1,2023-12-16
349,33,7,2,2023-12-17
350,150,36,1,2023-12-18
351,79,11,3,2023-12-19
352,197,32,2,2023-12-20
353,40,2,1,2023-12-21
354,163,30,2,2023-12-22
355,19,24,1,2023-12-23
356,134,43,2,2023-12-24
357,58,19,3,2023-12-25
358,185,28,1,2023-12-26
359,36,7,2,2023-12-27
360,149,36,1,2023-12-28
361,82,11,3,2023-12-29
362,196,32,2,2023-12-30
363,47,2,1,2023-12-31
364,159,30,2,2024-01-01
365,14,24,1,2024-01-02
366,132,43,2,2024-01-03
367,52,19,3,2024-01-04
368,183,28,1,2024-01-05
369,29,7,2,2024-01-06
370,148,36,1,2024-01-07
371,77,11,3,2024-01-08
372,199,32,2,2024-01-09
373,43,2,1,2024-01-10
374,165,30,2,2024-01-11
375,11,24,1,2024-01-12
376,136,43,2,2024-01-13
377,56,19,3,2024-01-14
378,187,28,1,2024-01-15
379,37,7,2,2024-01-16
380,151,36,1,2024-01-17
381,74,11,3,2024-01-18
382,193,32,2,2024-01-19
383,41,2,1,2024-01-20
384,160,30,2,2024-01-21
385,19,24,1,2024-01-22
386,134,43,2,2024-01-23
387,58,19,3,2024-01-24
388,185,28,1,2024-01-25
389,36,7,2,2024-01-26
390,149,36,1,2024-01-27
391,82,11,3,2024-01-28
392,196,32,2,2024-01-29
393,45,2,1,2024-01-30
394,159,30,2,2024-01-31
395,12,24,1,2024-02-01
396,133,43,2,2024-02-02
397,63,19,3,2024-02-03
398,184,28,1,2024-02-04
399,30,7,2,2024-02-05
400,152,36,1,2024-02-06
401,88,10,2,2024-02-07
402,176,22,1,2024-02-08
403,54,31,3,2024-02-09
404,129,4,1,2024-02-10
405,7,47,2,2024-02-11
406,158,6,1,2024-02-12
407,36,19,3,2024-02-13
408,193,28,1,2024-02-14
409,65,7,2,2024-02-15
410,182,35,1,2024-02-16
411,49,11,3,2024-02-17
412,170,32,2,2024-02-18
413,23,2,1,2024-02-19
414,151,30,2,2024-02-20
415,11,24,1,2024-02-21
416,137,43,2,2024-02-22
417,59,18,3,2024-02-23
418,186,28,1,2024-02-24
419,32,7,2,2024-02-25
420,148,36,1,2024-02-26
421,74,11,3,2024-02-27
422,199,32,2,2024-02-28
423,42,2,1,2024-02-29
424,164,30,2,2024-03-01
425,17,24,1,2024-03-02
426,133,43,2,2024-03-03
427,63,19,3,2024-03-04
428,181,28,1,2024-03-05
429,30,7,2,2024-03-06
430,152,36,1,2024-03-07
431,83,11,3,2024-03-08
432,198,32,2,2024-03-09
433,45,2,1,2024-03-10
434,160,30,2,2024-03-11
435,12,24,1,2024-03-12
436,140,43,2,2024-03-13
437,56,19,3,2024-03-14
438,187,28,1,2024-03-15
439,37,7,2,2024-03-16
440,149,36,1,2024-03-17
441,82,11,3,2024-03-18
442,195,32,2,2024-03-19
443,41,2,1,2024-03-20
444,168,30,2,2024-03-21
445,20,24,1,2024-03-22
446,135,43,2,2024-03-23
447,60,19,3,2024-03-24
448,184,28,1,2024-03-25
449,33,7,2,2024-03-26
450,150,36,1,2024-03-27
451,79,11,3,2024-03-28
452,197,32,2,2024-03-29
453,40,2,1,2024-03-30
454,163,30,2,2024-03-31
455,19,24,1,2024-04-01
456,134,43,2,2024-04-02
457,58,19,3,2024-04-03
458,185,28,1,2024-04-04
459,36,7,2,2024-04-05
460,149,36,1,2024-04-06
461,82,11,3,2024-04-07
462,196,32,2,2024-04-08
463,47,2,1,2024-04-09
464,159,30,2,2024-04-10
465,14,24,1,2024-04-11
466,132,43,2,2024-04-12
467,52,19,3,2024-04-13
468,183,28,1,2024-04-14
469,29,7,2,2024-04-15
470,148,36,1,2024-04-16
471,77,11,3,2024-04-17
472,199,32,2,2024-04-18
473,43,2,1,2024-04-19
474,165,30,2,2024-04-20
475,11,24,1,2024-04-21
476,136,43,2,2024-04-22
477,56,19,3,2024-04-23
478,187,28,1,2024-04-24
479,37,7,2,2024-04-25
480,151,36,1,2024-04-26
481,74,11,3,2024-04-27
482,193,32,2,2024-04-28
483,41,2,1,2024-04-29
484,160,30,2,2024-04-30
485,19,24,1,2024-05-01
486,134,43,2,2024-05-02
487,58,19,3,2024-05-03
488,185,28,1,2024-05-04
489,36,7,2,2024-05-05
490,149,36,1,2024-05-06
491,82,11,3,2024-05-07
492,196,32,2,2024-05-08
493,45,2,1,2024-05-09
494,159,30,2,2024-05-10
495,12,24,1,2024-05-11
496,133,43,2,2024-05-12
497,63,19,3,2024-05-13
498,184,28,1,2024-05-14
499,30,7,2,2024-05-15
500,152,36,1,2024-05-16
501,88,10,2,2024-05-17
502,176,22,1,2024-05-18
503,54,31,3,2024-05-19
504,129,4,1,2024-05-20
505,7,47,2,2024-05-21
506,158,6,1,2024-05-22
507,36,19,3,2024-05-23
508,193,28,1,2024-05-24
509,65,7,2,2024-05-25
510,182,35,1,2024-05-26
511,49,11,3,2024-05-27
512,170,32,2,2024-05-28
513,23,2,1,2024-05-29
514,151,30,2,2024-05-30
515,11,24,1,2024-05-31
516,137,43,2,2024-06-01
517,59,18,3,2024-06-02
518,186,28,1,2024-06-03
519,32,7,2,2024-06-04
520,148,36,1,2024-06-05
521,74,11,3,2024-06-06
522,199,32,2,2024-06-07
523,42,2,1,2024-06-08
524,164,30,2,2024-06-09
525,17,24,1,2024-06-10
526,133,43,2,2024-06-11
527,63,19,3,2024-06-12
528,181,28,1,2024-06-13
529,30,7,2,2024-06-14
530,152,36,1,2024-06-15
531,83,11,3,2024-06-16
532,198,32,2,2024-06-17
533,45,2,1,2024-06-18
534,160,30,2,2024-06-19
535,12,24,1,2024-06-20
536,140,43,2,2024-06-21
537,56,19,3,2024-06-22
538,187,28,1,2024-06-23
539,37,7,2,2024-06-24
540,149,36,1,2024-06-25
541,82,11,3,2024-06-26
542,195,32,2,2024-06-27
543,41,2,1,2024-06-28
544,168,30,2,2024-06-29
545,20,24,1,2024-06-30
546,135,43,2,2024-07-01
547,60,19,3,2024-07-02
548,184,28,1,2024-07-03
549,33,7,2,2024-07-04
550,150,36,1,2024-07-05
551,79,11,3,2024-07-06
552,197,32,2,2024-07-07
553,40,2,1,2024-07-08
554,163,30,2,2024-07-09
555,19,24,1,2024-07-10
556,134,43,2,2024-07-11
557,58,19,3,2024-07-12
558,185,28,1,2024-07-13
559,36,7,2,2024-07-14
560,149,36,1,2024-07-15
561,82,11,3,2024-07-16
562,196,32,2,2024-07-17
563,47,2,1,2024-07-18
564,159,30,2,2024-07-19
565,14,24,1,2024-07-20
566,132,43,2,2024-07-21
567,52,19,3,2024-07-22
568,183,28,1,2024-07-23
569,29,7,2,2024-07-24
570,148,36,1,2024-07-25
571,77,11,3,2024-07-26
572,199,32,2,2024-07-27
573,43,2,1,2024-07-28
574,165,30,2,2024-07-29
575,11,24,1,2024-07-30
576,136,43,2,2024-07-31
577,56,19,3,2024-08-01
578,187,28,1,2024-08-02
579,37,7,2,2024-08-03
580,151,36,1,2024-08-04
581,74,11,3,2024-08-05
582,193,32,2,2024-08-06
583,41,2,1,2024-08-07
584,160,30,2,2024-08-08
585,19,24,1,2024-08-09
586,134,43,2,2024-08-10
587,58,19,3,2024-08-11
588,185,28,1,2024-08-12
589,36,7,2,2024-08-13
590,149,36,1,2024-08-14
591,82,11,3,2024-08-15
592,196,32,2,2024-08-16
593,45,2,1,2024-08-17
594,159,30,2,2024-08-18
595,12,24,1,2024-08-19
596,133,43,2,2024-08-20
597,63,19,3,2024-08-21
598,184,28,1,2024-08-22
599,30,7,2,2024-08-23
600,152,36,1,2024-08-24
601,88,10,2,2024-08-25
602,176,22,1,2024-08-26
603,54,31,3,2024-08-27
604,129,4,1,2024-08-28
605,7,47,2,2024-08-29
606,158,6,1,2024-08-30
607,36,19,3,2024-08-31
608,193,28,1,2024-09-01
609,65,7,2,2024-09-02
610,182,35,1,2024-09-03
611,49,11,3,2024-09-04
612,170,32,2,2024-09-05
613,23,2,1,2024-09-06
614,151,30,2,2024-09-07
615,11,24,1,2024-09-08
616,137,43,2,2024-09-09
617,59,18,3,2024-09-10
618,186,28,1,2024-09-11
619,32,7,2,2024-09-12
620,148,36,1,2024-09-13
621,74,11,3,2024-09-14
622,199,32,2,2024-09-15
623,42,2,1,2024-09-16
624,164,30,2,2024-09-17
625,17,24,1,2024-09-18
626,133,43,2,2024-09-19
627,63,19,3,2024-09-20
628,181,28,1,2024-09-21
629,30,7,2,2024-09-22
630,152,36,1,2024-09-23
631,83,11,3,2024-09-24
632,198,32,2,2024-09-25
633,45,2,1,2024-09-26
634,160,30,2,2024-09-27
635,12,24,1,2024-09-28
636,140,43,2,2024-09-29
637,56,19,3,2024-09-30
638,187,28,1,2024-10-01
639,37,7,2,2024-10-02
640,149,36,1,2024-10-03
641,82,11,3,2024-10-04
642,195,32,2,2024-10-05
643,41,2,1,2024-10-06
644,168,30,2,2024-10-07
645,20,24,1,2024-10-08
646,135,43,2,2024-10-09
647,60,19,3,2024-10-10
648,184,28,1,2024-10-11
649,33,7,2,2024-10-12
650,150,36,1,2024-10-13
651,79,11,3,2024-10-14
652,197,32,2,2024-10-15
653,40,2,1,2024-10-16
654,163,30,2,2024-10-17
655,19,24,1,2024-10-18
656,134,43,2,2024-10-19
657,58,19,3,2024-10-20
658,185,28,1,2024-10-21
659,36,7,2,2024-10-22
660,149,36,1,2024-10-23
661,82,11,3,2024-10-24
662,196,32,2,2024-10-25
663,47,2,1,2024-10-26
664,159,30,2,2024-10-27
665,14,24,1,2024-10-28
666,132,43,2,2024-10-29
667,52,19,3,2024-10-30
668,183,28,1,2024-10-31
669,29,7,2,2024-11-01
670,148,36,1,2024-11-02
671,77,11,3,2024-11-03
672,199,32,2,2024-11-04
673,43,2,1,2024-11-05
674,165,30,2,2024-11-06
675,11,24,1,2024-11-07
676,136,43,2,2024-11-08
677,56,19,3,2024-11-09
678,187,28,1,2024-11-10
679,37,7,2,2024-11-11
680,151,36,1,2024-11-12
681,74,11,3,2024-11-13
682,193,32,2,2024-11-14
683,41,2,1,2024-11-15
684,160,30,2,2024-11-16
685,19,24,1,2024-11-17
686,134,43,2,2024-11-18
687,58,19,3,2024-11-19
688,185,28,1,2024-11-20
689,36,7,2,2024-11-21
690,149,36,1,2024-11-22
691,82,11,3,2024-11-23
692,196,32,2,2024-11-24
693,45,2,1,2024-11-25
694,159,30,2,2024-11-26
695,12,24,1,2024-11-27
696,133,43,2,2024-11-28
697,63,19,3,2024-11-29
698,184,28,1,2024-11-30
699,30,7,2,2024-12-01
700,152,36,1,2024-12-02
701,88,10,2,2024-12-03
702,176,22,1,2024-12-04
703,54,31,3,2024-12-05
704,129,4,1,2024-12-06
705,7,47,2,2024-12-07
706,158,6,1,2024-12-08
707,36,19,3,2024-12-09
708,193,28,1,2024-12-10
709,65,7,2,2024-12-11
710,182,35,1,2024-12-12
711,49,11,3,2024-12-13
712,170,32,2,2024-12-14
713,23,2,1,2024-12-15
714,151,30,2,2024-12-16
715,11,24,1,2024-12-17
716,137,43,2,2024-12-18
717,59,18,3,2024-12-19
718,186,28,1,2024-12-20
719,32,7,2,2024-12-21
720,148,36,1,2024-12-22
721,74,11,3,2024-12-23
722,199,32,2,2024-12-24
723,42,2,1,2024-12-25
724,164,30,2,2024-12-26
725,17,24,1,2024-12-27
726,133,43,2,2024-12-28
727,63,19,3,2024-12-29
728,181,28,1,2024-12-30
729,30,7,2,2024-12-31
730,152,36,1,2025-01-01
731,83,11,3,2025-01-02
732,198,32,2,2025-01-03
733,45,2,1,2025-01-04
734,160,30,2,2025-01-05
735,12,24,1,2025-01-06
736,140,43,2,2025-01-07
737,56,19,3,2025-01-08
738,187,28,1,2025-01-09
739,37,7,2,2025-01-10
740,149,36,1,2025-01-11
741,82,11,3,2025-01-12
742,195,32,2,2025-01-13
743,41,2,1,2025-01-14
744,168,30,2,2025-01-15
745,20,24,1,2025-01-16
746,135,43,2,2025-01-17
747,60,19,3,2025-01-18
748,184,28,1,2025-01-19
749,33,7,2,2025-01-20
750,150,36,1,2025-01-21
751,79,11,3,2025-01-22
752,197,32,2,2025-01-23
753,40,2,1,2025-01-24
754,163,30,2,2025-01-25
755,19,24,1,2025-01-26
756,134,43,2,2025-01-27
757,58,19,3,2025-01-28
758,185,28,1,2025-01-29
759,36,7,2,2025-01-30
760,149,36,1,2025-01-31
761,82,11,3,2025-02-01
762,196,32,2,2025-02-02
763,47,2,1,2025-02-03
764,159,30,2,2025-02-04
765,14,24,1,2025-02-05
766,132,43,2,2025-02-06
767,52,19,3,2025-02-07
768,183,28,1,2025-02-08
769,29,7,2,2025-02-09
770,148,36,1,2025-02-10
771,77,11,3,2025-02-11
772,199,32,2,2025-02-12
773,43,2,1,2025-02-13
774,165,30,2,2025-02-14
775,11,24,1,2025-02-15
776,136,43,2,2025-02-16
777,56,19,3,2025-02-17
778,187,28,1,2025-02-18
779,37,7,2,2025-02-19
780,151,36,1,2025-02-20
781,74,11,3,2025-02-21
782,193,32,2,2025-02-22
783,41,2,1,2025-02-23
784,160,30,2,2025-02-24
785,19,24,1,2025-02-25
786,134,43,2,2025-02-26
787,58,19,3,2025-02-27
788,185,28,1,2025-02-28
789,36,7,2,2025-03-01
790,149,36,1,2025-03-02
791,82,11,3,2025-03-03
792,196,32,2,2025-03-04
793,45,2,1,2025-03-05
794,159,30,2,2025-03-06
795,12,24,1,2025-03-07
796,133,43,2,2025-03-08
797,63,19,3,2025-03-09
798,184,28,1,2025-03-10
799,30,7,2,2025-03-11
800,152,36,1,2025-03-12
801,88,10,2,2025-03-13
802,176,22,1,2025-03-14
803,54,31,3,2025-03-15
804,129,4,1,2025-03-16
805,7,47,2,2025-03-17
806,158,6,1,2025-03-18
807,36,19,3,2025-03-19
808,193,28,1,2025-03-20
809,65,7,2,2025-03-21
810,182,35,1,2025-03-22
811,49,11,3,2025-03-23
812,170,32,2,2025-03-24
813,23,2,1,2025-03-25
814,151,30,2,2025-03-26
815,11,24,1,2025-03-27
816,137,43,2,2025-03-28
817,59,18,3,2025-03-29
818,186,28,1,2025-03-30
819,32,7,2,2025-03-31
820,148,36,1,2025-04-01
821,74,11,3,2025-04-02
822,199,32,2,2025-04-03
823,42,2,1,2025-04-04
824,164,30,2,2025-04-05
825,17,24,1,2025-04-06
826,133,43,2,2025-04-07
827,63,19,3,2025-04-08
828,181,28,1,2025-04-09
829,30,7,2,2025-04-10
830,152,36,1,2025-04-11
831,83,11,3,2025-04-12
832,198,32,2,2025-04-13
833,45,2,1,2025-04-14
834,160,30,2,2025-04-15
835,12,24,1,2025-04-16
836,140,43,2,2025-04-17
837,56,19,3,2025-04-18
838,187,28,1,2025-04-19
839,37,7,2,2025-04-20
840,149,36,1,2025-04-21
841,82,11,3,2025-04-22
842,195,32,2,2025-04-23
843,41,2,1,2025-04-24
844,168,30,2,2025-04-25
845,20,24,1,2025-04-26
846,135,43,2,2025-04-27
847,60,19,3,2025-04-28
848,184,28,1,2025-04-29
849,33,7,2,2025-04-30
850,150,36,1,2025-05-01
851,79,11,3,2025-05-02
852,197,32,2,2025-05-03
853,40,2,1,2025-05-04
854,163,30,2,2025-05-05
855,19,24,1,2025-05-06
856,134,43,2,2025-05-07
857,58,19,3,2025-05-08
858,185,28,1,2025-05-09
859,36,7,2,2025-05-10
860,149,36,1,2025-05-11
861,82,11,3,2025-05-12
862,196,32,2,2025-05-13
863,47,2,1,2025-05-14
864,159,30,2,2025-05-15
865,14,24,1,2025-05-16
866,132,43,2,2025-05-17
867,52,19,3,2025-05-18
868,183,28,1,2025-05-19
869,29,7,2,2025-05-20
870,148,36,1,2025-05-21
871,77,11,3,2025-05-22
872,199,32,2,2025-05-23
873,43,2,1,2025-05-24
874,165,30,2,2025-05-25
875,11,24,1,2025-05-26
876,136,43,2,2025-05-27
877,56,19,3,2025-05-28
878,187,28,1,2025-05-29
879,37,7,2,2025-05-30
880,151,36,1,2025-05-31
881,74,11,3,2025-06-01
882,193,32,2,2025-06-02
883,41,2,1,2025-06-03
884,160,30,2,2025-06-04
885,19,24,1,2025-06-05
886,134,43,2,2025-06-06
887,58,19,3,2025-06-07
888,185,28,1,2025-06-08
889,36,7,2,2025-06-09
890,149,36,1,2025-06-10
891,82,11,3,2025-06-11
892,196,32,2,2025-06-12
893,45,2,1,2025-06-13
894,159,30,2,2025-06-14
895,12,24,1,2025-06-15
896,133,43,2,2025-06-16
897,63,19,3,2025-06-17
898,184,28,1,2025-06-18
899,30,7,2,2025-06-19
900,152,36,1,2025-06-20
901,88,10,2,2025-06-21
902,176,22,1,2025-06-22
903,54,31,3,2025-06-23
904,129,4,1,2025-06-24
905,7,47,2,2025-06-25
906,158,6,1,2025-06-26
907,36,19,3,2025-06-27
908,193,28,1,2025-06-28
909,65,7,2,2025-06-29
910,182,35,1,2025-06-30
911,49,11,3,2025-07-01
912,170,32,2,2025-07-02
913,23,2,1,2025-07-03
914,151,30,2,2025-07-04
915,11,24,1,2025-07-05
916,137,43,2,2025-07-06
917,59,18,3,2025-07-07
918,186,28,1,2025-07-08
919,32,7,2,2025-07-09
920,148,36,1,2025-07-10
921,74,11,3,2025-07-11
922,199,32,2,2025-07-12
923,42,2,1,2025-07-13
924,164,30,2,2025-07-14
925,17,24,1,2025-07-15
926,133,43,2,2025-07-16
927,63,19,3,2025-07-17
928,181,28,1,2025-07-18
929,30,7,2,2025-07-19
930,152,36,1,2025-07-20
931,83,11,3,2025-07-21
932,198,32,2,2025-07-22
933,45,2,1,2025-07-23
934,160,30,2,2025-07-24
935,12,24,1,2025-07-25
936,140,43,2,2025-07-26
937,56,19,3,2025-07-27
938,187,28,1,2025-07-28
939,37,7,2,2025-07-29
940,149,36,1,2025-07-30
941,82,11,3,2025-07-31
942,195,32,2,2025-08-01
943,41,2,1,2025-08-02
944,168,30,2,2025-08-03
945,20,24,1,2025-08-04
946,135,43,2,2025-08-05
947,60,19,3,2025-08-06
948,184,28,1,2025-08-07
949,33,7,2,2025-08-08
950,150,36,1,2025-08-09
951,79,11,3,2025-08-10
952,197,32,2,2025-08-11
953,40,2,1,2025-08-12
954,163,30,2,2025-08-13
955,19,24,1,2025-08-14
956,134,43,2,2025-08-15
957,58,19,3,2025-08-16
958,185,28,1,2025-08-17
959,36,7,2,2025-08-18
960,149,36,1,2025-08-19
961,82,11,3,2025-08-20
962,196,32,2,2025-08-21
963,47,2,1,2025-08-22
964,159,30,2,2025-08-23
965,14,24,1,2025-08-24
966,132,43,2,2025-08-25
967,52,19,3,2025-08-26
968,183,28,1,2025-08-27
969,29,7,2,2025-08-28
970,148,36,1,2025-08-29
971,77,11,3,2025-08-30
972,199,32,2,2025-08-31
973,43,2,1,2025-09-01
974,165,30,2,2025-09-02
975,11,24,1,2025-09-03
976,136,43,2,2025-09-04
977,56,19,3,2025-09-05
978,187,28,1,2025-09-06
979,37,7,2,2025-09-07
980,151,36,1,2025-09-08
981,74,11,3,2025-09-09
982,193,32,2,2025-09-10
983,41,2,1,2025-09-11
984,160,30,2,2025-09-12
985,19,24,1,2025-09-13
986,134,43,2,2025-09-14
987,58,19,3,2025-09-15
988,185,28,1,2025-09-16
989,36,7,2,2025-09-17
990,149,36,1,2025-09-18
991,82,11,3,2025-09-19
992,196,32,2,2025-09-20
993,45,2,1,2025-09-21
994,159,30,2,2025-09-22
995,12,24,1,2025-09-23
996,133,43,2,2025-09-24
997,63,19,3,2025-09-25
998,184,28,1,2025-09-26
999,30,7,2,2025-09-27
1000,152,36,1,2025-09-28
1001,88,10,2,2025-09-29
1002,176,22,1,2025-09-30
1003,54,31,3,2025-10-01
1004,129,4,1,2025-10-02
1005,7,47,2,2025-10-03
1006,158,6,1,2025-10-04
1007,36,19,3,2025-10-05
1008,193,28,1,2025-10-06
1009,65,7,2,2025-10-07
1010,182,35,1,2025-10-08
1011,49,11,3,2025-10-09
1012,170,32,2,2025-10-10
1013,23,2,1,2025-10-11
1014,151,30,2,2025-10-12
1015,11,24,1,2025-10-13
1016,137,43,2,2025-10-14
1017,59,18,3,2025-10-15
1018,186,28,1,2025-10-16
1019,32,7,2,2025-10-17
1020,148,36,1,2025-10-18
1021,74,11,3,2025-10-19
1022,199,32,2,2025-10-20
1023,42,2,1,2025-10-21
1024,164,30,2,2025-10-22
1025,17,24,1,2025-10-23
1026,133,43,2,2025-10-24
1027,63,19,3,2025-10-25
1028,181,28,1,2025-10-26
1029,30,7,2,2025-10-27
1030,152,36,1,2025-10-28
1031,83,11,3,2025-10-29
1032,198,32,2,2025-10-30
1033,45,2,1,2025-10-31
1034,160,30,2,2025-11-01
1035,12,24,1,2025-11-02
1036,140,43,2,2025-11-03
1037,56,19,3,2025-11-04
1038,187,28,1,2025-11-05
1039,37,7,2,2025-11-06
1040,149,36,1,2025-11-07
1041,82,11,3,2025-11-08
1042,195,32,2,2025-11-09
1043,41,2,1,2025-11-10
1044,168,30,2,2025-11-11
1045,20,24,1,2025-11-12
1046,135,43,2,2025-11-13
1047,60,19,3,2025-11-14
1048,184,28,1,2025-11-15
1049,33,7,2,2025-11-16
1050,150,36,1,2025-11-17
1051,79,11,3,2025-11-18
1052,197,32,2,2025-11-19
1053,40,2,1,2025-11-20
1054,163,30,2,2025-11-21
1055,19,24,1,2025-11-22
1056,134,43,2,2025-11-23
1057,58,19,3,2025-11-24
1058,185,28,1,2025-11-25
1059,36,7,2,2025-11-26
1060,149,36,1,2025-11-27
1061,82,11,3,2025-11-28
1062,196,32,2,2025-11-29
1063,47,2,1,2025-11-30
1064,159,30,2,2025-12-01
1065,14,24,1,2025-12-02
1066,132,43,2,2025-12-03
1067,52,19,3,2025-12-04
1068,183,28,1,2025-12-05
1069,29,7,2,2025-12-06
1070,148,36,1,2025-12-07
1071,77,11,3,2025-12-08
1072,199,32,2,2025-12-09
1073,43,2,1,2025-12-10
1074,165,30,2,2025-12-11
1075,11,24,1,2025-12-12
1076,136,43,2,2025-12-13
1077,56,19,3,2025-12-14
1078,187,28,1,2025-12-15
1079,37,7,2,2025-12-16
1080,151,36,1,2025-12-17
1081,74,11,3,2025-12-18
1082,193,32,2,2025-12-19
1083,41,2,1,2025-12-20
1084,160,30,2,2025-12-21
1085,19,24,1,2025-12-22
1086,134,43,2,2025-12-23
1087,58,19,3,2025-12-24
1088,185,28,1,2025-12-25
1089,36,7,2,2025-12-26
1090,149,36,1,2025-12-27
1091,82,11,3,2025-12-28
1092,196,32,2,2025-12-29
1093,45,2,1,2025-12-30
1094,159,30,2,2025-12-31
1095,12,24,1,2026-01-01
1096,133,43,2,2026-01-02
1097,63,19,3,2026-01-03
1098,184,28,1,2026-01-04
1099,30,7,2,2026-01-05
1100,152,36,1,2026-01-06
1101,88,10,2,2026-01-07
1102,176,22,1,2026-01-08
1103,54,31,3,2026-01-09
1104,129,4,1,2026-01-10
1105,7,47,2,2026-01-11
1106,158,6,1,2026-01-12
1107,36,19,3,2026-01-13
1108,193,28,1,2026-01-14
1109,65,7,2,2026-01-15
1110,182,35,1,2026-01-16
1111,49,11,3,2026-01-17
1112,170,32,2,2026-01-18
1113,23,2,1,2026-01-19
1114,151,30,2,2026-01-20
1115,11,24,1,2026-01-21
1116,137,43,2,2026-01-22
1117,59,18,3,2026-01-23
1118,186,28,1,2026-01-24
1119,32,7,2,2026-01-25
1120,148,36,1,2026-01-26
1121,74,11,3,2026-01-27
1122,199,32,2,2026-01-28
1123,42,2,1,2026-01-29
1124,164,30,2,2026-01-30
1125,17,24,1,2026-01-31
1126,133,43,2,2026-02-01
1127,63,19,3,2026-02-02
1128,181,28,1,2026-02-03
1129,30,7,2,2026-02-04
1130,152,36,1,2026-02-05
1131,83,11,3,2026-02-06
1132,198,32,2,2026-02-07
1133,45,2,1,2026-02-08
1134,160,30,2,2026-02-09
1135,12,24,1,2026-02-10
1136,140,43,2,2026-02-11
1137,56,19,3,2026-02-12
1138,187,28,1,2026-02-13
1139,37,7,2,2026-02-14
1140,149,36,1,2026-02-15
1141,82,11,3,2026-02-16
1142,195,32,2,2026-02-17
1143,41,2,1,2026-02-18
1144,168,30,2,2026-02-19
1145,20,24,1,2026-02-20
1146,135,43,2,2026-02-21
1147,60,19,3,2026-02-22
1148,184,28,1,2026-02-23
1149,33,7,2,2026-02-24
1150,150,36,1,2026-02-25
1151,79,11,3,2026-02-26
1152,197,32,2,2026-02-27
1153,40,2,1,2026-02-28
1154,163,30,2,2026-03-01
1155,19,24,1,2026-03-02
1156,134,43,2,2026-03-03
1157,58,19,3,2026-03-04
1158,185,28,1,2026-03-05
1159,36,7,2,2026-03-06
1160,149,36,1,2026-03-07
1161,82,11,3,2026-03-08
1162,196,32,2,2026-03-09
1163,47,2,1,2026-03-10
1164,159,30,2,2026-03-11
1165,14,24,1,2026-03-12
1166,132,43,2,2026-03-13
1167,52,19,3,2026-03-14
1168,183,28,1,2026-03-15
1169,29,7,2,2026-03-16
1170,148,36,1,2026-03-17
1171,77,11,3,2026-03-18
1172,199,32,2,2026-03-19
1173,43,2,1,2026-03-20
1174,165,30,2,2026-03-21
1175,11,24,1,2026-03-22
1176,136,43,2,2026-03-23
1177,56,19,3,2026-03-24
1178,187,28,1,2026-03-25
1179,37,7,2,2026-03-26
1180,151,36,1,2026-03-27
1181,74,11,3,2026-03-28
1182,193,32,2,2026-03-29
1183,41,2,1,2026-03-30
1184,160,30,2,2026-03-31
1185,19,24,1,2026-04-01
1186,134,43,2,2026-04-02
1187,58,19,3,2026-04-03
1188,185,28,1,2026-04-04
1189,36,7,2,2026-04-05
1190,149,36,1,2026-04-06
1191,82,11,3,2026-04-07
1192,196,32,2,2026-04-08
1193,45,2,1,2026-04-09
1194,159,30,2,2026-04-10
1195,12,24,1,2026-04-11
1196,133,43,2,2026-04-12
1197,63,19,3,2026-04-13
1198,184,28,1,2026-04-14
1199,30,7,2,2026-04-15
1200,152,36,1,2026-04-16
1201,88,10,2,2026-04-17
1202,176,22,1,2026-04-18
1203,54,31,3,2026-04-19
1204,129,4,1,2026-04-20
1205,7,47,2,2026-04-21
1206,158,6,1,2026-04-22
1207,36,19,3,2026-04-23
1208,193,28,1,2026-04-24
1209,65,7,2,2026-04-25
1210,182,35,1,2026-04-26
1211,49,11,3,2026-04-27
1212,170,32,2,2026-04-28
1213,23,2,1,2026-04-29
1214,151,30,2,2026-04-30
1215,11,24,1,2026-05-01
1216,137,43,2,2026-05-02
1217,59,18,3,2026-05-03
1218,186,28,1,2026-05-04
1219,32,7,2,2026-05-05
1220,148,36,1,2026-05-06
1221,74,11,3,2026-05-07
1222,199,32,2,2026-05-08
1223,42,2,1,2026-05-09
1224,164,30,2,2026-05-10
1225,17,24,1,2026-05-11
1226,133,43,2,2026-05-12
1227,63,19,3,2026-05-13
1228,181,28,1,2026-05-14
1229,30,7,2,2026-05-15
1230,152,36,1,2026-05-16
1231,83,11,3,2026-05-17
1232,198,32,2,2026-05-18
1233,45,2,1,2026-05-19
1234,160,30,2,2026-05-20
1235,12,24,1,2026-05-21
1236,140,43,2,2026-05-22
1237,56,19,3,2026-05-23
1238,187,28,1,2026-05-24
1239,37,7,2,2026-05-25
1240,149,36,1,2026-05-26
1241,82,11,3,2026-05-27
1242,195,32,2,2026-05-28
1243,41,2,1,2026-05-29
1244,168,30,2,2026-05-30
1245,20,24,1,2026-05-31
1246,135,43,2,2026-06-01
1247,60,19,3,2026-06-02
1248,184,28,1,2026-06-03
1249,33,7,2,2026-06-04
1250,150,36,1,2026-06-05
1251,79,11,3,2026-06-06
1252,197,32,2,2026-06-07
1253,40,2,1,2026-06-08
1254,163,30,2,2026-06-09
1255,19,24,1,2026-06-10
1256,134,43,2,2026-06-11
1257,58,19,3,2026-06-12
1258,185,28,1,2026-06-13
1259,36,7,2,2026-06-14
1260,149,36,1,2026-06-15
1261,82,11,3,2026-06-16
1262,196,32,2,2026-06-17
1263,47,2,1,2026-06-18
1264,159,30,2,2026-06-19
1265,14,24,1,2026-06-20
1266,132,43,2,2026-06-21
1267,52,19,3,2026-06-22
1268,183,28,1,2026-06-23
1269,29,7,2,2026-06-24
1270,148,36,1,2026-06-25
1271,77,11,3,2026-06-26
1272,199,32,2,2026-06-27
1273,43,2,1,2026-06-28
1274,165,30,2,2026-06-29
1275,11,24,1,2026-06-30
1276,136,43,2,2026-07-01
1277,56,19,3,2026-07-02
1278,187,28,1,2026-07-03
1279,37,7,2,2026-07-04
1280,151,36,1,2026-07-05
1281,74,11,3,2026-07-06
1282,193,32,2,2026-07-07
1283,41,2,1,2026-07-08
1284,160,30,2,2026-07-09
1285,19,24,1,2026-07-10
1286,134,43,2,2026-07-11
1287,58,19,3,2026-07-12
1288,185,28,1,2026-07-13
1289,36,7,2,2026-07-14
1290,149,36,1,2026-07-15
1291,82,11,3,2026-07-16
1292,196,32,2,2026-07-17
1293,45,2,1,2026-07-18
1294,159,30,2,2026-07-19
1295,12,24,1,2026-07-20
1296,133,43,2,2026-07-21
1297,63,19,3,2026-07-22
1298,184,28,1,2026-07-23
1299,30,7,2,2026-07-24
1300,152,36,1,2026-07-25
1301,88,10,2,2026-07-26
1302,176,22,1,2026-07-27
1303,54,31,3,2026-07-28
1304,129,4,1,2026-07-29
1305,7,47,2,2026-07-30
1306,158,6,1,2026-07-31
1307,36,19,3,2026-08-01
1308,193,28,1,2026-08-02
1309,65,7,2,2026-08-03
1310,182,35,1,2026-08-04
1311,49,11,3,2026-08-05
1312,170,32,2,2026-08-06
1313,23,2,1,2026-08-07
1314,151,30,2,2026-08-08
1315,11,24,1,2026-08-09
1316,137,43,2,2026-08-10
1317,59,18,3,2026-08-11
1318,186,28,1,2026-08-12
1319,32,7,2,2026-08-13
1320,148,36,1,2026-08-14
1321,74,11,3,2026-08-15
1322,199,32,2,2026-08-16
1323,42,2,1,2026-08-17
1324,164,30,2,2026-08-18
1325,17,24,1,2026-08-19
1326,133,43,2,2026-08-20
1327,63,19,3,2026-08-21
1328,181,28,1,2026-08-22
1329,30,7,2,2026-08-23
1330,152,36,1,2026-08-24
1331,83,11,3,2026-08-25
1332,198,32,2,2026-08-26
1333,45,2,1,2026-08-27
1334,160,30,2,2026-08-28
1335,12,24,1,2026-08-29
1336,140,43,2,2026-08-30
1337,56,19,3,2026-08-31
1338,187,28,1,2026-09-01
1339,37,7,2,2026-09-02
1340,149,36,1,2026-09-03
1341,82,11,3,2026-09-04
1342,195,32,2,2026-09-05
1343,41,2,1,2026-09-06
1344,168,30,2,2026-09-07
1345,20,24,1,2026-09-08
1346,135,43,2,2026-09-09
1347,60,19,3,2026-09-10
1348,184,28,1,2026-09-11
1349,33,7,2,2026-09-12
1350,150,36,1,2026-09-13
1351,79,11,3,2026-09-14
1352,197,32,2,2026-09-15
1353,40,2,1,2026-09-16
1354,163,30,2,2026-09-17
1355,19,24,1,2026-09-18
1356,134,43,2,2026-09-19
1357,58,19,3,2026-09-20
1358,185,28,1,2026-09-21
1359,36,7,2,2026-09-22
1360,149,36,1,2026-09-23
1361,82,11,3,2026-09-24
1362,196,32,2,2026-09-25
1363,47,2,1,2026-09-26
1364,159,30,2,2026-09-27
1365,14,24,1,2026-09-28
1366,132,43,2,2026-09-29
1367,52,19,3,2026-09-30
1368,183,28,1,2026-10-01
1369,29,7,2,2026-10-02
1370,148,36,1,2026-10-03
1371,77,11,3,2026-10-04
1372,199,32,2,2026-10-05
1373,43,2,1,2026-10-06
1374,165,30,2,2026-10-07
1375,11,24,1,2026-10-08
1376,136,43,2,2026-10-09
1377,56,19,3,2026-10-10
1378,187,28,1,2026-10-11
1379,37,7,2,2026-10-12
1380,151,36,1,2026-10-13
1381,74,11,3,2026-10-14
1382,193,32,2,2026-10-15
1383,41,2,1,2026-10-16
1384,160,30,2,2026-10-17
1385,19,24,1,2026-10-18
1386,134,43,2,2026-10-19
1387,58,19,3,2026-10-20
1388,185,28,1,2026-10-21
1389,36,7,2,2026-10-22
1390,149,36,1,2026-10-23
1391,82,11,3,2026-10-24
1392,196,32,2,2026-10-25
1393,45,2,1,2026-10-26
1394,159,30,2,2026-10-27
1395,12,24,1,2026-10-28
1396,133,43,2,2026-10-29
1397,63,19,3,2026-10-30
1398,184,28,1,2026-10-31
1399,30,7,2,2026-11-01
1400,152,36,1,2026-11-02
1401,88,10,2,2026-11-03
1402,176,22,1,2026-11-04
1403,54,31,3,2026-11-05
1404,129,4,1,2026-11-06
1405,7,47,2,2026-11-07
1406,158,6,1,2026-11-08
1407,36,19,3,2026-11-09
1408,193,28,1,2026-11-10
1409,65,7,2,2026-11-11
1410,182,35,1,2026-11-12
1411,49,11,3,2026-11-13
1412,170,32,2,2026-11-14
1413,23,2,1,2026-11-15
1414,151,30,2,2026-11-16
1415,11,24,1,2026-11-17
1416,137,43,2,2026-11-18
1417,59,18,3,2026-11-19
1418,186,28,1,2026-11-20
1419,32,7,2,2026-11-21
1420,148,36,1,2026-11-22
1421,74,11,3,2026-11-23
1422,199,32,2,2026-11-24
1423,42,2,1,2026-11-25
1424,164,30,2,2026-11-26
1425,17,24,1,2026-11-27
1426,133,43,2,2026-11-28
1427,63,19,3,2026-11-29
1428,181,28,1,2026-11-30
1429,30,7,2,2026-12-01
1430,152,36,1,2026-12-02
1431,83,11,3,2026-12-03
1432,198,32,2,2026-12-04
1433,45,2,1,2026-12-05
1434,160,30,2,2026-12-06
1435,12,24,1,2026-12-07
1436,140,43,2,2026-12-08
1437,56,19,3,2026-12-09
1438,187,28,1,2026-12-10
1439,37,7,2,2026-12-11
1440,149,36,1,2026-12-12
1441,82,11,3,2026-12-13
1442,195,32,2,2026-12-14
1443,41,2,1,2026-12-15
1444,168,30,2,2026-12-16
1445,20,24,1,2026-12-17
1446,135,43,2,2026-12-18
1447,60,19,3,2026-12-19
1448,184,28,1,2026-12-20
1449,33,7,2,2026-12-21
1450,150,36,1,2026-12-22
1451,79,11,3,2026-12-23
1452,197,32,2,2026-12-24
1453,40,2,1,2026-12-25
1454,163,30,2,2026-12-26
1455,19,24,1,2026-12-27
1456,134,43,2,2026-12-28
1457,58,19,3,2026-12-29
1458,185,28,1,2026-12-30
1459,36,7,2,2026-12-31
1460,149,36,1,2027-01-01
1461,82,11,3,2027-01-02
1462,196,32,2,2027-01-03
1463,47,2,1,2027-01-04
1464,159,30,2,2027-01-05
1465,14,24,1,2027-01-06
1466,132,43,2,2027-01-07
1467,52,19,3,2027-01-08
1468,183,28,1,2027-01-09
1469,29,7,2,2027-01-10
1470,148,36,1,2027-01-11
1471,77,11,3,2027-01-12
1472,199,32,2,2027-01-13
1473,43,2,1,2027-01-14
1474,165,30,2,2027-01-15
1475,11,24,1,2027-01-16
1476,136,43,2,2027-01-17
1477,56,19,3,2027-01-18
1478,187,28,1,2027-01-19
1479,37,7,2,2027-01-20
1480,151,36,1,2027-01-21
1481,74,11,3,2027-01-22
1482,193,32,2,2027-01-23
1483,41,2,1,2027-01-24
1484,160,30,2,2027-01-25
1485,19,24,1,2027-01-26
1486,134,43,2,2027-01-27
1487,58,19,3,2027-01-28
1488,185,28,1,2027-01-29
1489,36,7,2,2027-01-30
1490,149,36,1,2027-01-31
1491,82,11,3,2027-02-01
1492,196,32,2,2027-02-02
1493,45,2,1,2027-02-03
1494,159,30,2,2027-02-04
1495,12,24,1,2027-02-05
1496,133,43,2,2027-02-06
1497,63,19,3,2027-02-07
1498,184,28,1,2027-02-08
1499,30,7,2,2027-02-09
1500,152,36,1,2027-02-10
1501,88,10,2,2027-02-11
1502,176,22,1,2027-02-12
1503,54,31,3,2027-02-13
1504,129,4,1,2027-02-14
1505,7,47,2,2027-02-15
1506,158,6,1,2027-02-16
1507,36,19,3,2027-02-17
1508,193,28,1,2027-02-18
1509,65,7,2,2027-02-19
1510,182,35,1,2027-02-20
1511,49,11,3,2027-02-21
1512,170,32,2,2027-02-22
1513,23,2,1,2027-02-23
1514,151,30,2,2027-02-24
1515,11,24,1,2027-02-25
1516,137,43,2,2027-02-26
1517,59,18,3,2027-02-27
1518,186,28,1,2027-02-28
1519,32,7,2,2027-03-01
1520,148,36,1,2027-03-02
1521,74,11,3,2027-03-03
1522,199,32,2,2027-03-04
1523,42,2,1,2027-03-05
1524,164,30,2,2027-03-06
1525,17,24,1,2027-03-07
1526,133,43,2,2027-03-08
1527,63,19,3,2027-03-09
1528,181,28,1,2027-03-10
1529,30,7,2,2027-03-11
1530,152,36,1,2027-03-12
1531,83,11,3,2027-03-13
1532,198,32,2,2027-03-14
1533,45,2,1,2027-03-15
1534,160,30,2,2027-03-16
1535,12,24,1,2027-03-17
1536,140,43,2,2027-03-18
1537,56,19,3,2027-03-19
1538,187,28,1,2027-03-20
1539,37,7,2,2027-03-21
1540,149,36,1,2027-03-22
1541,82,11,3,2027-03-23
1542,195,32,2,2027-03-24
1543,41,2,1,2027-03-25
1544,168,30,2,2027-03-26
1545,20,24,1,2027-03-27
1546,135,43,2,2027-03-28
1547,60,19,3,2027-03-29
1548,184,28,1,2027-03-30
1549,33,7,2,2027-03-31
1550,150,36,1,2027-04-01
1551,79,11,3,2027-04-02
1552,197,32,2,2027-04-03
1553,40,2,1,2027-04-04
1554,163,30,2,2027-04-05
1555,19,24,1,2027-04-06
1556,134,43,2,2027-04-07
1557,58,19,3,2027-04-08
1558,185,28,1,2027-04-09
1559,36,7,2,2027-04-10
1560,149,36,1,2027-04-11
1561,82,11,3,2027-04-12
1562,196,32,2,2027-04-13
1563,47,2,1,2027-04-14
1564,159,30,2,2027-04-15
1565,14,24,1,2027-04-16
1566,132,43,2,2027-04-17
1567,52,19,3,2027-04-18
1568,183,28,1,2027-04-19
1569,29,7,2,2027-04-20
1570,148,36,1,2027-04-21
1571,77,11,3,2027-04-22
1572,199,32,2,2027-04-23
1573,43,2,1,2027-04-24
1574,165,30,2,2027-04-25
1575,11,24,1,2027-04-26
1576,136,43,2,2027-04-27
1577,56,19,3,2027-04-28
1578,187,28,1,2027-04-29
1579,37,7,2,2027-04-30
1580,151,36,1,2027-05-01
1581,74,11,3,2027-05-02
1582,193,32,2,2027-05-03
1583,41,2,1,2027-05-04
1584,160,30,2,2027-05-05
1585,19,24,1,2027-05-06
1586,134,43,2,2027-05-07
1587,58,19,3,2027-05-08
1588,185,28,1,2027-05-09
1589,36,7,2,2027-05-10
1590,149,36,1,2027-05-11
1591,82,11,3,2027-05-12
1592,196,32,2,2027-05-13
1593,45,2,1,2027-05-14
1594,159,30,2,2027-05-15
1595,12,24,1,2027-05-16
1596,133,43,2,2027-05-17
1597,63,19,3,2027-05-18
1598,184,28,1,2027-05-19
1599,30,7,2,2027-05-20
1600,152,36,1,2027-05-21
1601,88,10,2,2027-05-22
1602,176,22,1,2027-05-23
1603,54,31,3,2027-05-24
1604,129,4,1,2027-05-25
1605,7,47,2,2027-05-26
1606,158,6,1,2027-05-27
1607,36,19,3,2027-05-28
1608,193,28,1,2027-05-29
1609,65,7,2,2027-05-30
1610,182,35,1,2027-05-31
1611,49,11,3,2027-06-01
1612,170,32,2,2027-06-02
1613,23,2,1,2027-06-03
1614,151,30,2,2027-06-04
1615,11,24,1,2027-06-05
1616,137,43,2,2027-06-06
1617,59,18,3,2027-06-07
1618,186,28,1,2027-06-08
1619,32,7,2,2027-06-09
1620,148,36,1,2027-06-10
1621,74,11,3,2027-06-11
1622,199,32,2,2027-06-12
1623,42,2,1,2027-06-13
1624,164,30,2,2027-06-14
1625,17,24,1,2027-06-15
1626,133,43,2,2027-06-16
1627,63,19,3,2027-06-17
1628,181,28,1,2027-06-18
1629,30,7,2,2027-06-19
1630,152,36,1,2027-06-20
1631,83,11,3,2027-06-21
1632,198,32,2,2027-06-22
1633,45,2,1,2027-06-23
1634,160,30,2,2027-06-24
1635,12,24,1,2027-06-25
1636,140,43,2,2027-06-26
1637,56,19,3,2027-06-27
1638,187,28,1,2027-06-28
1639,37,7,2,2027-06-29
1640,149,36,1,2027-06-30
1641,82,11,3,2027-07-01
1642,195,32,2,2027-07-02
1643,41,2,1,2027-07-03
1644,168,30,2,2027-07-04
1645,20,24,1,2027-07-05
1646,135,43,2,2027-07-06
1647,60,19,3,2027-07-07
1648,184,28,1,2027-07-08
1649,33,7,2,2027-07-09
1650,150,36,1,2027-07-10
1651,79,11,3,2027-07-11
1652,197,32,2,2027-07-12
1653,40,2,1,2027-07-13
1654,163,30,2,2027-07-14
1655,19,24,1,2027-07-15
1656,134,43,2,2027-07-16
1657,58,19,3,2027-07-17
1658,185,28,1,2027-07-18
1659,36,7,2,2027-07-19
1660,149,36,1,2027-07-20
1661,82,11,3,2027-07-21
1662,196,32,2,2027-07-22
1663,45,2,1,2027-07-23
1664,159,30,2,2027-07-24
1665,14,24,1,2027-07-25
1666,132,43,2,2027-07-26
1667,52,19,3,2027-07-27
1668,183,28,1,2027-07-28
1669,29,7,2,2027-07-29
1670,148,36,1,2027-07-30
1671,77,11,3,2027-07-31
1672,199,32,2,2027-08-01
1673,43,2,1,2027-08-02
1674,165,30,2,2027-08-03
1675,11,24,1,2027-08-04
1676,136,43,2,2027-08-05
1677,56,19,3,2027-08-06
1678,187,28,1,2027-08-07
1679,37,7,2,2027-08-08
1680,151,36,1,2027-08-09
1681,74,11,3,2027-08-10
1682,193,32,2,2027-08-11
1683,41,2,1,2027-08-12
1684,160,30,2,2027-08-13
1685,19,24,1,2027-08-14
1686,134,43,2,2027-08-15
1687,58,19,3,2027-08-16
1688,185,28,1,2027-08-17
1689,36,7,2,2027-08-18
1690,149,36,1,2027-08-19
1691,82,11,3,2027-08-20
1692,196,32,2,2027-08-21
1693,45,2,1,2027-08-22
1694,159,30,2,2027-08-23
1695,12,24,1,2027-08-24
1696,133,43,2,2027-08-25
1697,63,19,3,2027-08-26
1698,184,28,1,2027-08-27
1699,30,7,2,2027-08-28
1700,152,36,1,2027-08-29
1701,88,10,2,2027-08-30
1702,176,22,1,2027-08-31
1703,54,31,3,2027-09-01
1704,129,4,1,2027-09-02
1705,7,47,2,2027-09-03
1706,158,6,1,2027-09-04
1707,36,19,3,2027-09-05
1708,193,28,1,2027-09-06
1709,65,7,2,2027-09-07
1710,182,35,1,2027-09-08
1711,49,11,3,2027-09-09
1712,170,32,2,2027-09-10
1713,23,2,1,2027-09-11
1714,151,30,2,2027-09-12
1715,11,24,1,2027-09-13
1716,137,43,2,2027-09-14
1717,59,18,3,2027-09-15
1718,186,28,1,2027-09-16
1719,32,7,2,2027-09-17
1720,148,36,1,2027-09-18
1721,74,11,3,2027-09-19
1722,199,32,2,2027-09-20
1723,42,2,1,2027-09-21
1724,164,30,2,2027-09-22
1725,17,24,1,2027-09-23
1726,133,43,2,2027-09-24
1727,63,19,3,2027-09-25
1728,181,28,1,2027-09-26
1729,30,7,2,2027-09-27
1730,152,36,1,2027-09-28
1731,83,11,3,2027-09-29
1732,198,32,2,2027-09-30
1733,45,2,1,2027-10-01
1734,160,30,2,2027-10-02
1735,12,24,1,2027-10-03
1736,140,43,2,2027-10-04
1737,56,19,3,2027-10-05
1738,187,28,1,2027-10-06
1739,37,7,2,2027-10-07
1740,149,36,1,2027-10-08
1741,82,11,3,2027-10-09
1742,195,32,2,2027-10-10
1743,41,2,1,2027-10-11
1744,168,30,2,2027-10-12
1745,20,24,1,2027-10-13
1746,135,43,2,2027-10-14
1747,60,19,3,2027-10-15
1748,184,28,1,2027-10-16
1749,33,7,2,2027-10-17
1750,150,36,1,2027-10-18
1751,79,11,3,2027-10-19
1752,197,32,2,2027-10-20
1753,40,2,1,2027-10-21
1754,163,30,2,2027-10-22
1755,19,24,1,2027-10-23
1756,134,43,2,2027-10-24
1757,58,19,3,2027-10-25
1758,185,28,1,2027-10-26
1759,36,7,2,2027-10-27
1760,149,36,1,2027-10-28
1761,82,11,3,2027-10-29
1762,196,32,2,2027-10-30
1763,45,2,1,2027-10-31
1764,159,30,2,2027-11-01
1765,14,24,1,2027-11-02
1766,132,43,2,2027-11-03
1767,52,19,3,2027-11-04
1768,183,28,1,2027-11-05
1769,29,7,2,2027-11-06
1770,148,36,1,2027-11-07
1771,77,11,3,2027-11-08
1772,199,32,2,2027-11-09
1773,43,2,1,2027-11-10
1774,165,30,2,2027-11-11
1775,11,24,1,2027-11-12
1776,136,43,2,2027-11-13
1777,56,19,3,2027-11-14
1778,187,28,1,2027-11-15
1779,37,7,2,2027-11-16
1780,151,36,1,2027-11-17
1781,74,11,3,2027-11-18
1782,193,32,2,2027-11-19
1783,41,2,1,2027-11-20
1784,160,30,2,2027-11-21
1785,19,24,1,2027-11-22
1786,134,43,2,2027-11-23
1787,58,19,3,2027-11-24
1788,185,28,1,2027-11-25
1789,36,7,2,2027-11-26
1790,149,36,1,2027-11-27
1791,82,11,3,2027-11-28
1792,196,32,2,2027-11-29
1793,45,2,1,2027-11-30
1794,159,30,2,2027-12-01
1795,12,24,1,2027-12-02
1796,133,43,2,2027-12-03
1797,63,19,3,2027-12-04
1798,184,28,1,2027-12-05
1799,30,7,2,2027-12-06
1800,152,36,1,2027-12-07
1801,88,10,2,2027-12-08
1802,176,22,1,2027-12-09
1803,54,31,3,2027-12-10
1804,129,4,1,2027-12-11
1805,7,47,2,2027-12-12
1806,158,6,1,2027-12-13
1807,36,19,3,2027-12-14
1808,193,28,1,2027-12-15
1809,65,7,2,2027-12-16
1810,182,35,1,2027-12-17
1811,49,11,3,2027-12-18
1812,170,32,2,2027-12-19
1813,23,2,1,2027-12-20
1814,151,30,2,2027-12-21
1815,11,24,1,2027-12-22
1816,137,43,2,2027-12-23
1817,59,18,3,2027-12-24
1818,186,28,1,2027-12-25
1819,32,7,2,2027-12-26
1820,148,36,1,2027-12-27
1821,74,11,3,2027-12-28
1822,199,32,2,2027-12-29
1823,42,2,1,2027-12-30
1824,164,30,2,2027-12-31
1825,17,24,1,2028-01-01
1826,133,43,2,2028-01-02
1827,63,19,3,2028-01-03
1828,181,28,1,2028-01-04
1829,30,7,2,2028-01-05
1830,152,36,1,2028-01-06
1831,83,11,3,2028-01-07
1832,198,32,2,2028-01-08
1833,45,2,1,2028-01-09
1834,160,30,2,2028-01-10
1835,12,24,1,2028-01-11
1836,140,43,2,2028-01-12
1837,56,19,3,2028-01-13
1838,187,28,1,2028-01-14
1839,37,7,2,2028-01-15
1840,149,36,1,2028-01-16
1841,82,11,3,2028-01-17
1842,195,32,2,2028-01-18
1843,41,2,1,2028-01-19
1844,168,30,2,2028-01-20
1845,20,24,1,2028-01-21
1846,135,43,2,2028-01-22
1847,60,19,3,2028-01-23
1848,184,28,1,2028-01-24
1849,33,7,2,2028-01-25
1850,150,36,1,2028-01-26
1851,79,11,3,2028-01-27
1852,197,32,2,2028-01-28
1853,40,2,1,2028-01-29
1854,163,30,2,2028-01-30
1855,19,24,1,2028-01-31
1856,134,43,2,2028-02-01
1857,58,19,3,2028-02-02
1858,185,28,1,2028-02-03
1859,36,7,2,2028-02-04
1860,149,36,1,2028-02-05
1861,82,11,3,2028-02-06
1862,196,32,2,2028-02-07
1863,47,2,1,2028-02-08
1864,159,30,2,2028-02-09
1865,14,24,1,2028-02-10
1866,132,43,2,2028-02-11
1867,52,19,3,2028-02-12
1868,183,28,1,2028-02-13
1869,29,7,2,2028-02-14
1870,148,36,1,2028-02-15
1871,77,11,3,2028-02-16
1872,199,32,2,2028-02-17
1873,43,2,1,2028-02-18
1874,165,30,2,2028-02-19
1875,11,24,1,2028-02-20
1876,136,43,2,2028-02-21
1877,56,19,3,2028-02-22
1878,187,28,1,2028-02-23
1879,37,7,2,2028-02-24
1880,151,36,1,2028-02-25
1881,74,11,3,2028-02-26
1882,193,32,2,2028-02-27
1883,41,2,1,2028-02-28
1884,160,30,2,2028-02-29
1885,19,24,1,2028-03-01
1886,134,43,2,2028-03-02
1887,58,19,3,2028-03-03
1888,185,28,1,2028-03-04
1889,36,7,2,2028-03-05
1890,149,36,1,2028-03-06
1891,82,11,3,2028-03-07
1892,196,32,2,2028-03-08
1893,45,2,1,2028-03-09
1894,159,30,2,2028-03-10
1895,12,24,1,2028-03-11
1896,133,43,2,2028-03-12
1897,63,19,3,2028-03-13
1898,184,28,1,2028-03-14
1899,30,7,2,2028-03-15
1900,152,36,1,2028-03-16
1901,88,10,2,2028-03-17
1902,176,22,1,2028-03-18
1903,54,31,3,2028-03-19
1904,129,4,1,2028-03-20
1905,7,47,2,2028-03-21
1906,158,6,1,2028-03-22
1907,36,19,3,2028-03-23
1908,193,28,1,2028-03-24
1909,65,7,2,2028-03-25
1910,182,35,1,2028-03-26
1911,49,11,3,2028-03-27
1912,170,32,2,2028-03-28
1913,23,2,1,2028-03-29
1914,151,30,2,2028-03-30
1915,11,24,1,2028-03-31
1916,137,43,2,2028-04-01
1917,59,18,3,2028-04-02
1918,186,28,1,2028-04-03
1919,32,7,2,2028-04-04
1920,148,36,1,2028-04-05
1921,74,11,3,2028-04-06
1922,199,32,2,2028-04-07
1923,42,2,1,2028-04-08
1924,164,30,2,2028-04-09
1925,17,24,1,2028-04-10
1926,133,43,2,2028-04-11
1927,63,19,3,2028-04-12
1928,181,28,1,2028-04-13
1929,30,7,2,2028-04-14
1930,152,36,1,2028-04-15
1931,83,11,3,2028-04-16
1932,198,32,2,2028-04-17
1933,45,2,1,2028-04-18
1934,160,30,2,2028-04-19
1935,12,24,1,2028-04-20
1936,140,43,2,2028-04-21
1937,56,19,3,2028-04-22
1938,187,28,1,2028-04-23
1939,37,7,2,2028-04-24
1940,149,36,1,2028-04-25
1941,82,11,3,2028-04-26
1942,195,32,2,2028-04-27
1943,41,2,1,2028-04-28
1944,168,30,2,2028-04-29
1945,20,24,1,2028-04-30
1946,135,43,2,2028-05-01
1947,60,19,3,2028-05-02
1948,184,28,1,2028-05-03
1949,33,7,2,2028-05-04
1950,150,36,1,2028-05-05
1951,79,11,3,2028-05-06
1952,197,32,2,2028-05-07
1953,40,2,1,2028-05-08
1954,163,30,2,2028-05-09
1955,19,24,1,2028-05-10
1956,134,43,2,2028-05-11
1957,58,19,3,2028-05-12
1958,185,28,1,2028-05-13
1959,36,7,2,2028-05-14
1960,149,36,1,2028-05-15
1961,82,11,3,2028-05-16
1962,196,32,2,2028-05-17
1963,47,2,1,2028-05-18
1964,159,30,2,2028-05-19
1965,14,24,1,2028-05-20
1966,132,43,2,2028-05-21
1967,52,19,3,2028-05-22
1968,183,28,1,2028-05-23
1969,29,7,2,2028-05-24
1970,148,36,1,2028-05-25
1971,77,11,3,2028-05-26
1972,199,32,2,2028-05-27
1973,43,2,1,2028-05-28
1974,165,30,2,2028-05-29
1975,11,24,1,2028-05-30
1976,136,43,2,2028-05-31
1977,56,19,3,2028-06-01
1978,187,28,1,2028-06-02
1979,37,7,2,2028-06-03
1980,151,36,1,2028-06-04
1981,74,11,3,2028-06-05
1982,193,32,2,2028-06-06
1983,41,2,1,2028-06-07
1984,160,30,2,2028-06-08
1985,19,24,1,2028-06-09
1986,134,43,2,2028-06-10
1987,58,19,3,2028-06-11
1988,185,28,1,2028-06-12
1989,36,7,2,2028-06-13
1990,149,36,1,2028-06-14
1991,82,11,3,2028-06-15
1992,196,32,2,2028-06-16
1993,45,2,1,2028-06-17
1994,159,30,2,2028-06-18
1995,12,24,1,2028-06-19
1996,133,43,2,2028-06-20
1997,63,19,3,2028-06-21
1998,184,28,1,2028-06-22
1999,30,7,2,2028-06-23
2000,152,36,1,2028-06-24
